idna_subject,checker_type,destination,source,tested_at,session_id
66mh.shop,AVAILABILITY,origin.list,origin.list,2026-10-07 06:33:28.246571+00:00,2a47da75e8ff6a2450c77a95
8866-ctgl.cc,AVAILABILITY,origin.list,origin.list,2026-10-07 06:33:28.251599+00:00,2a47da75e8ff6a2450c77a95
8kbetviet.com,AVAILABILITY,origin.list,origin.list,2026-10-07 06:33:34.489878+00:00,2a47da75e8ff6a2450c77a95
9595-aogl.cc,AVAILABILITY,origin.list,origin.list,2026-10-07 06:33:34.963247+00:00,2a47da75e8ff6a2450c77a95
free-4paid.com,AVAILABILITY,origin.list,origin.list,2026-10-07 06:33:41.069787+00:00,2a47da75e8ff6a2450c77a95
account-garrena.xyz,AVAILABILITY,origin.list,origin.list,2026-10-07 06:33:48.565251+00:00,2a47da75e8ff6a2450c77a95
airoboteth.vip,AVAILABILITY,origin.list,origin.list,2026-10-07 06:33:59.518704+00:00,2a47da75e8ff6a2450c77a95
bcmoney.xyz,AVAILABILITY,origin.list,origin.list,2026-10-07 06:34:10.794721+00:00,2a47da75e8ff6a2450c77a95
btcsender.cloud,AVAILABILITY,origin.list,origin.list,2026-10-07 06:34:16.874907+00:00,2a47da75e8ff6a2450c77a95
chovaynhanh.online,AVAILABILITY,origin.list,origin.list,2026-10-07 06:34:27.033736+00:00,2a47da75e8ff6a2450c77a95
evit.im,AVAILABILITY,origin.list,origin.list,2026-10-07 06:35:02.680434+00:00,2a47da75e8ff6a2450c77a95
fiinvesok.vip,AVAILABILITY,origin.list,origin.list,2026-10-07 06:35:13.038203+00:00,2a47da75e8ff6a2450c77a95
file-store4.xyz,AVAILABILITY,origin.list,origin.list,2026-10-07 06:35:13.226085+00:00,2a47da75e8ff6a2450c77a95
go-livanova.cyou,AVAILABILITY,origin.list,origin.list,2026-10-07 06:35:34.845959+00:00,2a47da75e8ff6a2450c77a95
happykitcr.com,AVAILABILITY,origin.list,origin.list,2026-10-07 06:35:41.904676+00:00,2a47da75e8ff6a2450c77a95
hotrovay.online,AVAILABILITY,origin.list,origin.list,2026-10-07 06:35:54.965318+00:00,2a47da75e8ff6a2450c77a95
i-j.site,AVAILABILITY,origin.list,origin.list,2026-10-07 06:36:00.273669+00:00,2a47da75e8ff6a2450c77a95
junoshop.online,AVAILABILITY,origin.list,origin.list,2026-10-07 06:36:11.057062+00:00,2a47da75e8ff6a2450c77a95
ketban.online,AVAILABILITY,origin.list,origin.list,2026-10-07 06:36:12.580710+00:00,2a47da75e8ff6a2450c77a95
khohangdocvip.net,AVAILABILITY,origin.list,origin.list,2026-10-07 06:36:19.435398+00:00,2a47da75e8ff6a2450c77a95
kiemtiennhanh.asia,AVAILABILITY,origin.list,origin.list,2026-10-07 06:36:25.808438+00:00,2a47da75e8ff6a2450c77a95
kuyhaa-me.pw,AVAILABILITY,origin.list,origin.list,2026-10-07 06:36:29.133307+00:00,2a47da75e8ff6a2450c77a95
ladyvietnam.online,AVAILABILITY,origin.list,origin.list,2026-10-07 06:36:36.903850+00:00,2a47da75e8ff6a2450c77a95
ledger-lives-desktop.io,AVAILABILITY,origin.list,origin.list,2026-10-07 06:36:49.927174+00:00,2a47da75e8ff6a2450c77a95
momogift.asia,AVAILABILITY,origin.list,origin.list,2026-10-07 06:37:16.967916+00:00,2a47da75e8ff6a2450c77a95
muabanwin.io,AVAILABILITY,origin.list,origin.list,2026-10-07 06:37:26.234141+00:00,2a47da75e8ff6a2450c77a95
nap-the.vn,AVAILABILITY,origin.list,origin.list,2026-10-07 06:37:36.558089+00:00,2a47da75e8ff6a2450c77a95
napkimcuong.site,AVAILABILITY,origin.list,origin.list,2026-10-07 06:37:41.739329+00:00,2a47da75e8ff6a2450c77a95
napkimcuongfreefire.site,AVAILABILITY,origin.list,origin.list,2026-10-07 06:37:43.475041+00:00,2a47da75e8ff6a2450c77a95
nhanqua.online,AVAILABILITY,origin.list,origin.list,2026-10-07 06:38:03.243761+00:00,2a47da75e8ff6a2450c77a95
nouespaipenedes.com,AVAILABILITY,origin.list,origin.list,2026-10-07 06:38:09.263224+00:00,2a47da75e8ff6a2450c77a95
paypquan.vip,AVAILABILITY,origin.list,origin.list,2026-10-07 06:38:16.876035+00:00,2a47da75e8ff6a2450c77a95
profileid.site,AVAILABILITY,origin.list,origin.list,2026-10-07 06:38:25.602376+00:00,2a47da75e8ff6a2450c77a95
quatanthu.fun,AVAILABILITY,origin.list,origin.list,2026-10-07 06:38:32.827154+00:00,2a47da75e8ff6a2450c77a95
shopeec.xyz,AVAILABILITY,origin.list,origin.list,2026-10-07 06:39:10.137096+00:00,2a47da75e8ff6a2450c77a95
tinhot24h.website,AVAILABILITY,origin.list,origin.list,2026-10-07 06:40:20.971298+00:00,2a47da75e8ff6a2450c77a95
track-ec.xyz,AVAILABILITY,origin.list,origin.list,2026-10-07 06:40:29.965493+00:00,2a47da75e8ff6a2450c77a95
track-ecpost.xyz,AVAILABILITY,origin.list,origin.list,2026-10-07 06:40:30.074204+00:00,2a47da75e8ff6a2450c77a95
trackpost.autos,AVAILABILITY,origin.list,origin.list,2026-10-07 06:40:36.243490+00:00,2a47da75e8ff6a2450c77a95
trackpost.buzz,AVAILABILITY,origin.list,origin.list,2026-10-07 06:40:37.137658+00:00,2a47da75e8ff6a2450c77a95
tw-shopee.xyz,AVAILABILITY,origin.list,origin.list,2026-10-07 06:40:53.092679+00:00,2a47da75e8ff6a2450c77a95
unixfilesystem2.xyz,AVAILABILITY,origin.list,origin.list,2026-10-07 06:40:55.434710+00:00,2a47da75e8ff6a2450c77a95
upliftrenewables.cc,AVAILABILITY,origin.list,origin.list,2026-10-07 06:40:59.708857+00:00,2a47da75e8ff6a2450c77a95
usdtrating.top,AVAILABILITY,origin.list,origin.list,2026-10-07 06:41:03.242378+00:00,2a47da75e8ff6a2450c77a95
vietcapital-vn.top,AVAILABILITY,origin.list,origin.list,2026-10-07 06:41:37.044311+00:00,2a47da75e8ff6a2450c77a95
vietcombank.one,AVAILABILITY,origin.list,origin.list,2026-10-07 06:41:39.694414+00:00,2a47da75e8ff6a2450c77a95
vietinbank.cc,AVAILABILITY,origin.list,origin.list,2026-10-07 06:41:49.009174+00:00,2a47da75e8ff6a2450c77a95
vietthanh.xyz,AVAILABILITY,origin.list,origin.list,2026-10-07 06:41:58.930645+00:00,2a47da75e8ff6a2450c77a95
vtv24.site,AVAILABILITY,origin.list,origin.list,2026-10-07 06:42:38.381928+00:00,2a47da75e8ff6a2450c77a95
vtvay.com,AVAILABILITY,origin.list,origin.list,2026-10-07 06:42:38.907758+00:00,2a47da75e8ff6a2450c77a95
wmail-cdn.xyz,AVAILABILITY,origin.list,origin.list,2026-10-07 06:42:49.104570+00:00,2a47da75e8ff6a2450c77a95
youku.vc,AVAILABILITY,origin.list,origin.list,2026-10-07 06:43:05.067119+00:00,2a47da75e8ff6a2450c77a95
zuanqia.com,AVAILABILITY,origin.list,origin.list,2026-10-07 06:43:07.599222+00:00,2a47da75e8ff6a2450c77a95
shopteufunny.vn,AVAILABILITY,origin.list,origin.list,2026-10-07 06:43:12.508449+00:00,2a47da75e8ff6a2450c77a95
momoearn.finance,AVAILABILITY,origin.list,origin.list,2026-10-07 06:43:14.578474+00:00,2a47da75e8ff6a2450c77a95
vssid.cc,AVAILABILITY,origin.list,origin.list,2026-10-07 06:43:18.930886+00:00,2a47da75e8ff6a2450c77a95
bideo-cdn.com,AVAILABILITY,origin.list,origin.list,2026-10-07 06:43:20.655663+00:00,2a47da75e8ff6a2450c77a95
org.govqp.com,AVAILABILITY,origin.list,origin.list,2026-10-07 06:43:25.211758+00:00,2a47da75e8ff6a2450c77a95
ahoravideo-blog.com,AVAILABILITY,origin.list,origin.list,2026-10-07 06:43:26.814484+00:00,2a47da75e8ff6a2450c77a95
privatproxy-schnellvpn.com,AVAILABILITY,origin.list,origin.list,2026-10-07 06:43:31.617381+00:00,2a47da75e8ff6a2450c77a95
irduwhojas.ga,AVAILABILITY,origin.list,origin.list,2026-10-07 06:43:33.917651+00:00,2a47da75e8ff6a2450c77a95
cicfbo.yt-hgs.de,AVAILABILITY,origin.list,origin.list,2026-10-07 06:43:38.496493+00:00,2a47da75e8ff6a2450c77a95
privatproxy-chat.com,AVAILABILITY,origin.list,origin.list,2026-10-07 06:43:40.095713+00:00,2a47da75e8ff6a2450c77a95
insurancyn.club,AVAILABILITY,origin.list,origin.list,2026-10-07 06:43:46.024230+00:00,2a47da75e8ff6a2450c77a95
ff-membeship.gairena.com,AVAILABILITY,origin.list,origin.list,2026-10-07 06:43:46.359586+00:00,2a47da75e8ff6a2450c77a95
shoprbx.com,AVAILABILITY,origin.list,origin.list,2026-10-07 06:43:52.299311+00:00,2a47da75e8ff6a2450c77a95
cdn.g8z.net,AVAILABILITY,origin.list,origin.list,2026-10-07 06:43:52.484067+00:00,2a47da75e8ff6a2450c77a95
track-ecpost.click,AVAILABILITY,origin.list,origin.list,2026-10-07 06:43:58.319529+00:00,2a47da75e8ff6a2450c77a95
dns.g8z.net,AVAILABILITY,origin.list,origin.list,2026-10-07 06:43:58.717963+00:00,2a47da75e8ff6a2450c77a95
sieukhuyenmai.xyz,AVAILABILITY,origin.list,origin.list,2026-10-07 06:44:04.961354+00:00,2a47da75e8ff6a2450c77a95
trackfr.help,AVAILABILITY,origin.list,origin.list,2026-10-07 06:44:11.499551+00:00,2a47da75e8ff6a2450c77a95
hocsinhthanhlich2020.info,AVAILABILITY,origin.list,origin.list,2026-10-07 06:44:12.497642+00:00,2a47da75e8ff6a2450c77a95
trackfr.art,AVAILABILITY,origin.list,origin.list,2026-10-07 06:44:18.335757+00:00,2a47da75e8ff6a2450c77a95
icloud-vietnam.info,AVAILABILITY,origin.list,origin.list,2026-10-07 06:44:23.637357+00:00,2a47da75e8ff6a2450c77a95
trackqa.click,AVAILABILITY,origin.list,origin.list,2026-10-07 06:44:24.475644+00:00,2a47da75e8ff6a2450c77a95
naptheplaytogether.com,AVAILABILITY,origin.list,origin.list,2026-10-07 06:44:30.770085+00:00,2a47da75e8ff6a2450c77a95
om-tracka.top,AVAILABILITY,origin.list,origin.list,2026-10-07 06:44:30.941967+00:00,2a47da75e8ff6a2450c77a95
trackqa.xyz,AVAILABILITY,origin.list,origin.list,2026-10-07 06:44:37.578620+00:00,2a47da75e8ff6a2450c77a95
trackfr.top,AVAILABILITY,origin.list,origin.list,2026-10-07 06:44:37.859077+00:00,2a47da75e8ff6a2450c77a95
wemmzxo.cvtrs.link,AVAILABILITY,origin.list,origin.list,2026-10-07 06:44:43.543867+00:00,2a47da75e8ff6a2450c77a95
sp56788.com,AVAILABILITY,origin.list,origin.list,2026-10-07 06:44:44.170204+00:00,2a47da75e8ff6a2450c77a95
shopvethan.com,AVAILABILITY,origin.list,origin.list,2026-10-07 06:44:50.320232+00:00,2a47da75e8ff6a2450c77a95
vaynganhang.top,AVAILABILITY,origin.list,origin.list,2026-10-07 06:44:50.657150+00:00,2a47da75e8ff6a2450c77a95
freepccrack.com,AVAILABILITY,origin.list,origin.list,2026-10-07 06:44:56.595803+00:00,2a47da75e8ff6a2450c77a95
hososonghung.org,AVAILABILITY,origin.list,origin.list,2026-10-07 06:44:58.602155+00:00,2a47da75e8ff6a2450c77a95
muabitcoin.net,AVAILABILITY,origin.list,origin.list,2026-10-07 06:45:02.791145+00:00,2a47da75e8ff6a2450c77a95
dienmayxanh24h.net,AVAILABILITY,origin.list,origin.list,2026-10-07 06:45:04.786357+00:00,2a47da75e8ff6a2450c77a95
tuoitre24h.info,AVAILABILITY,origin.list,origin.list,2026-10-07 06:45:11.659826+00:00,2a47da75e8ff6a2450c77a95
giaothuongvietnhat.org,AVAILABILITY,origin.list,origin.list,2026-10-07 06:45:14.666134+00:00,2a47da75e8ff6a2450c77a95
shoprikaki.com,AVAILABILITY,origin.list,origin.list,2026-10-07 06:45:17.862483+00:00,2a47da75e8ff6a2450c77a95
abxvr.ndkp.tech,AVAILABILITY,origin.list,origin.list,2026-10-07 06:45:23.913032+00:00,2a47da75e8ff6a2450c77a95
hdbankfinance.org,AVAILABILITY,origin.list,origin.list,2026-10-07 06:45:29.330571+00:00,2a47da75e8ff6a2450c77a95
khoi-khach-hang-ca-nhan-vni-diamon.com,AVAILABILITY,origin.list,origin.list,2026-10-07 06:45:30.172968+00:00,2a47da75e8ff6a2450c77a95
khonapgame.com,AVAILABILITY,origin.list,origin.list,2026-10-07 06:45:35.592129+00:00,2a47da75e8ff6a2450c77a95
track-ec.buzz,AVAILABILITY,origin.list,origin.list,2026-10-07 06:45:36.359050+00:00,2a47da75e8ff6a2450c77a95
khoi-khach-hang-ca-nhan-uu-tien-vni.com,AVAILABILITY,origin.list,origin.list,2026-10-07 06:45:42.698868+00:00,2a47da75e8ff6a2450c77a95
khuyenmailq.com,AVAILABILITY,origin.list,origin.list,2026-10-07 06:45:49.002142+00:00,2a47da75e8ff6a2450c77a95
trackqa.buzz,AVAILABILITY,origin.list,origin.list,2026-10-07 06:45:55.076912+00:00,2a47da75e8ff6a2450c77a95
baovietn.vip,AVAILABILITY,origin.list,origin.list,2026-10-07 06:46:01.198927+00:00,2a47da75e8ff6a2450c77a95
khuyenmaitanthu.com,AVAILABILITY,origin.list,origin.list,2026-10-07 06:46:01.385748+00:00,2a47da75e8ff6a2450c77a95
khuyenmaifreefirex5.com,AVAILABILITY,origin.list,origin.list,2026-10-07 06:46:07.261815+00:00,2a47da75e8ff6a2450c77a95
rbdwa.com,AVAILABILITY,origin.list,origin.list,2026-10-07 06:46:07.500030+00:00,2a47da75e8ff6a2450c77a95
gaerena.vn,AVAILABILITY,origin.list,origin.list,2026-10-07 06:46:14.171968+00:00,2a47da75e8ff6a2450c77a95
trackfr.buzz,AVAILABILITY,origin.list,origin.list,2026-10-07 06:46:14.649718+00:00,2a47da75e8ff6a2450c77a95
kiemtien2017.com,AVAILABILITY,origin.list,origin.list,2026-10-07 06:46:20.465562+00:00,2a47da75e8ff6a2450c77a95
vietjet.online,AVAILABILITY,origin.list,origin.list,2026-10-07 06:46:20.753022+00:00,2a47da75e8ff6a2450c77a95
trackqar.buzz,AVAILABILITY,origin.list,origin.list,2026-10-07 06:46:26.822569+00:00,2a47da75e8ff6a2450c77a95
khvib-canhan.com,AVAILABILITY,origin.list,origin.list,2026-10-07 06:46:26.960374+00:00,2a47da75e8ff6a2450c77a95
kiemtien2002.com,AVAILABILITY,origin.list,origin.list,2026-10-07 06:46:33.261656+00:00,2a47da75e8ff6a2450c77a95
agjevez.ztraks.de,AVAILABILITY,origin.list,origin.list,2026-10-07 06:46:40.238847+00:00,2a47da75e8ff6a2450c77a95
andall.servicesql.info,AVAILABILITY,origin.list,origin.list,2026-10-07 06:46:41.915895+00:00,2a47da75e8ff6a2450c77a95
kiemtiendinhcao.net,AVAILABILITY,origin.list,origin.list,2026-10-07 06:46:46.618750+00:00,2a47da75e8ff6a2450c77a95
hoangkim1.org,AVAILABILITY,origin.list,origin.list,2026-10-07 06:46:50.735407+00:00,2a47da75e8ff6a2450c77a95
kiemtien4u.com,AVAILABILITY,origin.list,origin.list,2026-10-07 06:46:52.928497+00:00,2a47da75e8ff6a2450c77a95
khoataikhoan-grn-vinhvien.xyz,AVAILABILITY,origin.list,origin.list,2026-10-07 06:46:57.476668+00:00,2a47da75e8ff6a2450c77a95
kiemtiendinhcaoaz.com,AVAILABILITY,origin.list,origin.list,2026-10-07 06:46:59.094718+00:00,2a47da75e8ff6a2450c77a95
kiemtienmomo.com,AVAILABILITY,origin.list,origin.list,2026-10-07 06:47:03.821615+00:00,2a47da75e8ff6a2450c77a95
khoataikhoanhack-garena.xyz,AVAILABILITY,origin.list,origin.list,2026-10-07 06:47:05.733415+00:00,2a47da75e8ff6a2450c77a95
kiemtienaff.com,AVAILABILITY,origin.list,origin.list,2026-10-07 06:47:10.191358+00:00,2a47da75e8ff6a2450c77a95
kiemtienonlinenhanh2023.com,AVAILABILITY,origin.list,origin.list,2026-10-07 06:47:11.866974+00:00,2a47da75e8ff6a2450c77a95
khovang.click,AVAILABILITY,origin.list,origin.list,2026-10-07 06:47:16.268821+00:00,2a47da75e8ff6a2450c77a95
kingking79.com,AVAILABILITY,origin.list,origin.list,2026-10-07 06:47:18.241194+00:00,2a47da75e8ff6a2450c77a95
kiemtratindung.com,AVAILABILITY,origin.list,origin.list,2026-10-07 06:47:22.626504+00:00,2a47da75e8ff6a2450c77a95
kkh818.com,AVAILABILITY,origin.list,origin.list,2026-10-07 06:47:24.373391+00:00,2a47da75e8ff6a2450c77a95
kiemtientaigia2018.com,AVAILABILITY,origin.list,origin.list,2026-10-07 06:47:30.556148+00:00,2a47da75e8ff6a2450c77a95
dorsitan.shop,AVAILABILITY,origin.list,origin.list,2026-10-07 06:47:38.059208+00:00,2a47da75e8ff6a2450c77a95
binzdapoet.shop,AVAILABILITY,origin.list,origin.list,2026-10-07 06:47:40.485810+00:00,2a47da75e8ff6a2450c77a95
kjgb11.com,AVAILABILITY,origin.list,origin.list,2026-10-07 06:47:44.248380+00:00,2a47da75e8ff6a2450c77a95
khuyenmaii2023.website,AVAILABILITY,origin.list,origin.list,2026-10-07 06:47:46.743427+00:00,2a47da75e8ff6a2450c77a95
khoataikhoangarena.xyz,AVAILABILITY,origin.list,origin.list,2026-10-07 06:47:53.270056+00:00,2a47da75e8ff6a2450c77a95
codb2b.shop,AVAILABILITY,origin.list,origin.list,2026-10-07 06:47:56.645024+00:00,2a47da75e8ff6a2450c77a95
kpd63519s.com,AVAILABILITY,origin.list,origin.list,2026-10-07 06:47:59.422982+00:00,2a47da75e8ff6a2450c77a95
korshoptiktok.com,AVAILABILITY,origin.list,origin.list,2026-10-07 06:48:02.873056+00:00,2a47da75e8ff6a2450c77a95
kiemtiencv19.pw,AVAILABILITY,origin.list,origin.list,2026-10-07 06:48:05.716330+00:00,2a47da75e8ff6a2450c77a95
l-fb.co,AVAILABILITY,origin.list,origin.list,2026-10-07 06:48:09.168581+00:00,2a47da75e8ff6a2450c77a95
kpt32165s.com,AVAILABILITY,origin.list,origin.list,2026-10-07 06:48:11.946775+00:00,2a47da75e8ff6a2450c77a95
khuyenmaii2023.site,AVAILABILITY,origin.list,origin.list,2026-10-07 06:48:15.286711+00:00,2a47da75e8ff6a2450c77a95
free-fire.shop,AVAILABILITY,origin.list,origin.list,2026-10-07 06:48:22.686520+00:00,2a47da75e8ff6a2450c77a95
km-digibank.com,AVAILABILITY,origin.list,origin.list,2026-10-07 06:48:28.933597+00:00,2a47da75e8ff6a2450c77a95
www.shopeesmarket.com,AVAILABILITY,origin.list,origin.list,2026-10-07 06:48:30.249483+00:00,2a47da75e8ff6a2450c77a95
ksdp997.com,AVAILABILITY,origin.list,origin.list,2026-10-07 06:48:35.214278+00:00,2a47da75e8ff6a2450c77a95
kyaj11.com,AVAILABILITY,origin.list,origin.list,2026-10-07 06:48:36.385061+00:00,2a47da75e8ff6a2450c77a95
la5959.com,AVAILABILITY,origin.list,origin.list,2026-10-07 06:48:41.485756+00:00,2a47da75e8ff6a2450c77a95
la9435.com,AVAILABILITY,origin.list,origin.list,2026-10-07 06:48:42.632986+00:00,2a47da75e8ff6a2450c77a95
kuurza.com,AVAILABILITY,origin.list,origin.list,2026-10-07 06:48:48.767037+00:00,2a47da75e8ff6a2450c77a95
depandirect.be,AVAILABILITY,origin.list,origin.list,2026-10-07 06:48:59.195314+00:00,2a47da75e8ff6a2450c77a95
laisuatkiemtiencao.com,AVAILABILITY,origin.list,origin.list,2026-10-07 06:49:05.409625+00:00,2a47da75e8ff6a2450c77a95
kiemtienonline.team,AVAILABILITY,origin.list,origin.list,2026-10-07 06:49:11.809490+00:00,2a47da75e8ff6a2450c77a95
la7168.com,AVAILABILITY,origin.list,origin.list,2026-10-07 06:49:17.975842+00:00,2a47da75e8ff6a2450c77a95
kirov1.xyz,AVAILABILITY,origin.list,origin.list,2026-10-07 06:49:24.526996+00:00,2a47da75e8ff6a2450c77a95
findiphone.mobi,AVAILABILITY,origin.list,origin.list,2026-10-07 06:49:27.248617+00:00,2a47da75e8ff6a2450c77a95
kiemtienmomo.online,AVAILABILITY,origin.list,origin.list,2026-10-07 06:49:30.656387+00:00,2a47da75e8ff6a2450c77a95
ladsblue.com,AVAILABILITY,origin.list,origin.list,2026-10-07 06:49:36.864116+00:00,2a47da75e8ff6a2450c77a95
lapdatinternet.net,AVAILABILITY,origin.list,origin.list,2026-10-07 06:49:43.164174+00:00,2a47da75e8ff6a2450c77a95
shopeesmarket.com,AVAILABILITY,origin.list,origin.list,2026-10-07 06:49:44.981512+00:00,2a47da75e8ff6a2450c77a95
kiemtien24h.vn,AVAILABILITY,origin.list,origin.list,2026-10-07 06:49:50.139605+00:00,2a47da75e8ff6a2450c77a95
la7890.cc,AVAILABILITY,origin.list,origin.list,2026-10-07 06:49:51.355140+00:00,2a47da75e8ff6a2450c77a95
lazada1.com,AVAILABILITY,origin.list,origin.list,2026-10-07 06:49:56.450356+00:00,2a47da75e8ff6a2450c77a95
lazada-task.cc,AVAILABILITY,origin.list,origin.list,2026-10-07 06:49:57.703154+00:00,2a47da75e8ff6a2450c77a95
vdbank.com.vn,AVAILABILITY,origin.list,origin.list,2026-10-07 06:50:05.065307+00:00,2a47da75e8ff6a2450c77a95
ebuyy.shop,AVAILABILITY,origin.list,origin.list,2026-10-07 06:50:09.888621+00:00,2a47da75e8ff6a2450c77a95
lambangcap3giare.net,AVAILABILITY,origin.list,origin.list,2026-10-07 06:50:11.409511+00:00,2a47da75e8ff6a2450c77a95
lazada12.net,AVAILABILITY,origin.list,origin.list,2026-10-07 06:50:16.155389+00:00,2a47da75e8ff6a2450c77a95
lazada1.cc,AVAILABILITY,origin.list,origin.list,2026-10-07 06:50:17.769620+00:00,2a47da75e8ff6a2450c77a95
lazada111.com,AVAILABILITY,origin.list,origin.list,2026-10-07 06:50:22.424392+00:00,2a47da75e8ff6a2450c77a95
lazada13.net,AVAILABILITY,origin.list,origin.list,2026-10-07 06:50:23.849061+00:00,2a47da75e8ff6a2450c77a95
lazada36.com,AVAILABILITY,origin.list,origin.list,2026-10-07 06:50:28.555837+00:00,2a47da75e8ff6a2450c77a95
labtpb.online,AVAILABILITY,origin.list,origin.list,2026-10-07 06:50:30.258379+00:00,2a47da75e8ff6a2450c77a95
lazada1vn.net,AVAILABILITY,origin.list,origin.list,2026-10-07 06:50:34.738285+00:00,2a47da75e8ff6a2450c77a95
lazada2.cc,AVAILABILITY,origin.list,origin.list,2026-10-07 06:50:36.579608+00:00,2a47da75e8ff6a2450c77a95
lazada3.net,AVAILABILITY,origin.list,origin.list,2026-10-07 06:50:40.922343+00:00,2a47da75e8ff6a2450c77a95
lazada1vn.com,AVAILABILITY,origin.list,origin.list,2026-10-07 06:50:42.882030+00:00,2a47da75e8ff6a2450c77a95
lazada14.net,AVAILABILITY,origin.list,origin.list,2026-10-07 06:50:47.101032+00:00,2a47da75e8ff6a2450c77a95
lazada7788.com,AVAILABILITY,origin.list,origin.list,2026-10-07 06:50:49.072154+00:00,2a47da75e8ff6a2450c77a95
largerinscale.cfd,AVAILABILITY,origin.list,origin.list,2026-10-07 06:50:53.628983+00:00,2a47da75e8ff6a2450c77a95
lazada438.com,AVAILABILITY,origin.list,origin.list,2026-10-07 06:50:55.348446+00:00,2a47da75e8ff6a2450c77a95
lazada218.com,AVAILABILITY,origin.list,origin.list,2026-10-07 06:50:59.960048+00:00,2a47da75e8ff6a2450c77a95
dotreliable.com,AVAILABILITY,origin.list,origin.list,2026-10-07 06:51:12.690001+00:00,2a47da75e8ff6a2450c77a95
dvw22rk.c2dat.shop,AVAILABILITY,origin.list,origin.list,2026-10-07 06:51:14.045496+00:00,2a47da75e8ff6a2450c77a95
lazada8.net,AVAILABILITY,origin.list,origin.list,2026-10-07 06:51:18.890819+00:00,2a47da75e8ff6a2450c77a95
lazada68.com,AVAILABILITY,origin.list,origin.list,2026-10-07 06:51:20.393874+00:00,2a47da75e8ff6a2450c77a95
lavas.exchange,AVAILABILITY,origin.list,origin.list,2026-10-07 06:51:25.711844+00:00,2a47da75e8ff6a2450c77a95
lazadabrand.com,AVAILABILITY,origin.list,origin.list,2026-10-07 06:51:26.634792+00:00,2a47da75e8ff6a2450c77a95
lazada556.com,AVAILABILITY,origin.list,origin.list,2026-10-07 06:51:31.876705+00:00,2a47da75e8ff6a2450c77a95
lazada889.com,AVAILABILITY,origin.list,origin.list,2026-10-07 06:51:32.745606+00:00,2a47da75e8ff6a2450c77a95
lazadac15.com,AVAILABILITY,origin.list,origin.list,2026-10-07 06:51:38.068611+00:00,2a47da75e8ff6a2450c77a95
lazadae16.com,AVAILABILITY,origin.list,origin.list,2026-10-07 06:51:38.940244+00:00,2a47da75e8ff6a2450c77a95
lazadaf13.com,AVAILABILITY,origin.list,origin.list,2026-10-07 06:51:44.186172+00:00,2a47da75e8ff6a2450c77a95
lazadad18.com,AVAILABILITY,origin.list,origin.list,2026-10-07 06:51:45.221945+00:00,2a47da75e8ff6a2450c77a95
lazadaf15.com,AVAILABILITY,origin.list,origin.list,2026-10-07 06:51:50.453733+00:00,2a47da75e8ff6a2450c77a95
lazada6.net,AVAILABILITY,origin.list,origin.list,2026-10-07 06:51:51.407648+00:00,2a47da75e8ff6a2450c77a95
lazadagroup.net,AVAILABILITY,origin.list,origin.list,2026-10-07 06:51:56.598001+00:00,2a47da75e8ff6a2450c77a95
lazadaf16.com,AVAILABILITY,origin.list,origin.list,2026-10-07 06:51:57.606740+00:00,2a47da75e8ff6a2450c77a95
lazadah15.com,AVAILABILITY,origin.list,origin.list,2026-10-07 06:52:02.794312+00:00,2a47da75e8ff6a2450c77a95
lazadag18.com,AVAILABILITY,origin.list,origin.list,2026-10-07 06:52:03.809955+00:00,2a47da75e8ff6a2450c77a95
khangdz215.tk,AVAILABILITY,origin.list,origin.list,2026-10-07 06:52:09.616186+00:00,2a47da75e8ff6a2450c77a95
lapmangsctv.com.vn,AVAILABILITY,origin.list,origin.list,2026-10-07 06:52:11.598946+00:00,2a47da75e8ff6a2450c77a95
lazadaf18.com,AVAILABILITY,origin.list,origin.list,2026-10-07 06:52:15.895432+00:00,2a47da75e8ff6a2450c77a95
ctxkfl.cndgz.link,AVAILABILITY,origin.list,origin.list,2026-10-07 06:52:17.789595+00:00,2a47da75e8ff6a2450c77a95
lazadag12.com,AVAILABILITY,origin.list,origin.list,2026-10-07 06:52:22.086533+00:00,2a47da75e8ff6a2450c77a95
lazadag16.com,AVAILABILITY,origin.list,origin.list,2026-10-07 06:52:24.127671+00:00,2a47da75e8ff6a2450c77a95
lazadamallc.com,AVAILABILITY,origin.list,origin.list,2026-10-07 06:52:28.280663+00:00,2a47da75e8ff6a2450c77a95
lazadaord.com,AVAILABILITY,origin.list,origin.list,2026-10-07 06:52:30.332774+00:00,2a47da75e8ff6a2450c77a95
lazadamallz.com,AVAILABILITY,origin.list,origin.list,2026-10-07 06:52:34.411960+00:00,2a47da75e8ff6a2450c77a95
lazadau14.com,AVAILABILITY,origin.list,origin.list,2026-10-07 06:52:36.576725+00:00,2a47da75e8ff6a2450c77a95
l-j.me,AVAILABILITY,origin.list,origin.list,2026-10-07 06:52:41.734085+00:00,2a47da75e8ff6a2450c77a95
lazadaj15.com,AVAILABILITY,origin.list,origin.list,2026-10-07 06:52:42.777054+00:00,2a47da75e8ff6a2450c77a95
lazadah16.com,AVAILABILITY,origin.list,origin.list,2026-10-07 06:52:47.970568+00:00,2a47da75e8ff6a2450c77a95
lazadao13.com,AVAILABILITY,origin.list,origin.list,2026-10-07 06:52:49.055610+00:00,2a47da75e8ff6a2450c77a95
lazadao14.com,AVAILABILITY,origin.list,origin.list,2026-10-07 06:52:54.202145+00:00,2a47da75e8ff6a2450c77a95
lazadap14.com,AVAILABILITY,origin.list,origin.list,2026-10-07 06:52:55.271799+00:00,2a47da75e8ff6a2450c77a95
lazadaapp.icu,AVAILABILITY,origin.list,origin.list,2026-10-07 06:53:00.796489+00:00,2a47da75e8ff6a2450c77a95
lazd8.com,AVAILABILITY,origin.list,origin.list,2026-10-07 06:53:01.476800+00:00,2a47da75e8ff6a2450c77a95
lazadap15.com,AVAILABILITY,origin.list,origin.list,2026-10-07 06:53:07.692563+00:00,2a47da75e8ff6a2450c77a95
labanga.de,AVAILABILITY,origin.list,origin.list,2026-10-07 06:53:07.926906+00:00,2a47da75e8ff6a2450c77a95
lazadau15.com,AVAILABILITY,origin.list,origin.list,2026-10-07 06:53:13.855358+00:00,2a47da75e8ff6a2450c77a95
japan-shopac.asia,AVAILABILITY,origin.list,origin.list,2026-10-07 06:53:14.944822+00:00,2a47da75e8ff6a2450c77a95
kiemtien.asia,AVAILABILITY,origin.list,origin.list,2026-10-07 06:53:20.371942+00:00,2a47da75e8ff6a2450c77a95
lazadav17.com,AVAILABILITY,origin.list,origin.list,2026-10-07 07:01:08.115854+00:00,2a47da75e8ff6a2450c77a95
lazadatuyennhanvien.com,AVAILABILITY,origin.list,origin.list,2026-10-07 07:01:08.151228+00:00,2a47da75e8ff6a2450c77a95
letanggiai01.com,AVAILABILITY,origin.list,origin.list,2026-10-07 07:01:14.555694+00:00,2a47da75e8ff6a2450c77a95
lazada1.vn,AVAILABILITY,origin.list,origin.list,2026-10-07 07:01:15.590220+00:00,2a47da75e8ff6a2450c77a95
lazadaz17.com,AVAILABILITY,origin.list,origin.list,2026-10-07 07:01:21.012495+00:00,2a47da75e8ff6a2450c77a95
letraoquavn.com,AVAILABILITY,origin.list,origin.list,2026-10-07 07:01:27.267701+00:00,2a47da75e8ff6a2450c77a95
goshopbackvip.vip,AVAILABILITY,origin.list,origin.list,2026-10-07 07:01:32.557246+00:00,2a47da75e8ff6a2450c77a95
lazadax17.com,AVAILABILITY,origin.list,origin.list,2026-10-07 07:01:33.659827+00:00,2a47da75e8ff6a2450c77a95
lienminhshopgame.com,AVAILABILITY,origin.list,origin.list,2026-10-07 07:01:39.017059+00:00,2a47da75e8ff6a2450c77a95
lienminhhanghieu.com,AVAILABILITY,origin.list,origin.list,2026-10-07 07:01:39.911268+00:00,2a47da75e8ff6a2450c77a95
lienquan-garenavn2.com,AVAILABILITY,origin.list,origin.list,2026-10-07 07:01:45.255515+00:00,2a47da75e8ff6a2450c77a95
kiemtiensieutoc.me,AVAILABILITY,origin.list,origin.list,2026-10-07 07:01:47.549297+00:00,2a47da75e8ff6a2450c77a95
kmnapthe.ga,AVAILABILITY,origin.list,origin.list,2026-10-07 07:01:55.647418+00:00,2a47da75e8ff6a2450c77a95
langthang7.ml,AVAILABILITY,origin.list,origin.list,2026-10-07 07:01:57.417796+00:00,2a47da75e8ff6a2450c77a95
lienquan-garena-member.com,AVAILABILITY,origin.list,origin.list,2026-10-07 07:02:01.915138+00:00,2a47da75e8ff6a2450c77a95
letangqua2022.com,AVAILABILITY,origin.list,origin.list,2026-10-07 07:02:03.962259+00:00,2a47da75e8ff6a2450c77a95
lienketvidientu.com,AVAILABILITY,origin.list,origin.list,2026-10-07 07:02:08.272031+00:00,2a47da75e8ff6a2450c77a95
lienquan-giftcode-vn.com,AVAILABILITY,origin.list,origin.list,2026-10-07 07:02:10.242296+00:00,2a47da75e8ff6a2450c77a95
lienminh-membership.com,AVAILABILITY,origin.list,origin.list,2026-10-07 07:02:14.579701+00:00,2a47da75e8ff6a2450c77a95
khuyenmaivangonline.club,AVAILABILITY,origin.list,origin.list,2026-10-07 07:02:18.120574+00:00,2a47da75e8ff6a2450c77a95
lienquan-garena-giftcode.com,AVAILABILITY,origin.list,origin.list,2026-10-07 07:02:20.876129+00:00,2a47da75e8ff6a2450c77a95
bachoaxanhh.com,AVAILABILITY,origin.list,origin.list,2026-10-07 07:02:24.480463+00:00,2a47da75e8ff6a2450c77a95
lienquan-vuihe2021.com,AVAILABILITY,origin.list,origin.list,2026-10-07 07:02:27.129298+00:00,2a47da75e8ff6a2450c77a95
lienquan-sukienqua.com,AVAILABILITY,origin.list,origin.list,2026-10-07 07:02:30.823689+00:00,2a47da75e8ff6a2450c77a95
lazadaflashsale99.xyz,AVAILABILITY,origin.list,origin.list,2026-10-07 07:02:33.953628+00:00,2a47da75e8ff6a2450c77a95
lazadaz.xyz,AVAILABILITY,origin.list,origin.list,2026-10-07 07:02:37.429910+00:00,2a47da75e8ff6a2450c77a95
lienquan.co,AVAILABILITY,origin.list,origin.list,2026-10-07 07:02:40.289697+00:00,2a47da75e8ff6a2450c77a95
lienquan.garennavn.com,AVAILABILITY,origin.list,origin.list,2026-10-07 07:02:43.712979+00:00,2a47da75e8ff6a2450c77a95
lienquangiftcodegarenavn.com,AVAILABILITY,origin.list,origin.list,2026-10-07 07:02:46.607294+00:00,2a47da75e8ff6a2450c77a95
lienquanches.com,AVAILABILITY,origin.list,origin.list,2026-10-07 07:02:50.060187+00:00,2a47da75e8ff6a2450c77a95
lditsdebriisar.cfd,AVAILABILITY,origin.list,origin.list,2026-10-07 07:02:53.657787+00:00,2a47da75e8ff6a2450c77a95
lienquan.garena-vi.ga,AVAILABILITY,origin.list,origin.list,2026-10-07 07:02:56.385283+00:00,2a47da75e8ff6a2450c77a95
lienquancode.com,AVAILABILITY,origin.list,origin.list,2026-10-07 07:02:59.921027+00:00,2a47da75e8ff6a2450c77a95
lienquangiftcodethang7.com,AVAILABILITY,origin.list,origin.list,2026-10-07 07:03:02.652064+00:00,2a47da75e8ff6a2450c77a95
lazadavn.vn,AVAILABILITY,origin.list,origin.list,2026-10-07 07:03:06.565642+00:00,2a47da75e8ff6a2450c77a95
lienquanmobilequatang.com,AVAILABILITY,origin.list,origin.list,2026-10-07 07:03:08.962345+00:00,2a47da75e8ff6a2450c77a95
lazadal.fit,AVAILABILITY,origin.list,origin.list,2026-10-07 07:03:13.457723+00:00,2a47da75e8ff6a2450c77a95
congnapfreefire.com,AVAILABILITY,origin.list,origin.list,2026-10-07 07:03:15.226061+00:00,2a47da75e8ff6a2450c77a95
proactivationkey.com,AVAILABILITY,origin.list,origin.list,2026-10-07 07:03:19.704235+00:00,2a47da75e8ff6a2450c77a95
moneycat.vn,AVAILABILITY,origin.list,origin.list,2026-10-07 07:03:26.672218+00:00,2a47da75e8ff6a2450c77a95
lazada-sale.gq,AVAILABILITY,origin.list,origin.list,2026-10-07 07:03:34.182486+00:00,2a47da75e8ff6a2450c77a95
phanmem111.com,AVAILABILITY,origin.list,origin.list,2026-10-07 07:03:40.852495+00:00,2a47da75e8ff6a2450c77a95
ff.member.garenae.vn,AVAILABILITY,origin.list,origin.list,2026-10-07 07:03:47.645659+00:00,2a47da75e8ff6a2450c77a95
goshopback.vip,AVAILABILITY,origin.list,origin.list,2026-10-07 07:03:51.538444+00:00,2a47da75e8ff6a2450c77a95
shopee62.com,AVAILABILITY,origin.list,origin.list,2026-10-07 07:03:57.791620+00:00,2a47da75e8ff6a2450c77a95
trianlq.com,AVAILABILITY,origin.list,origin.list,2026-10-07 07:04:04.514275+00:00,2a47da75e8ff6a2450c77a95
c.vn-ebayn.vip,AVAILABILITY,origin.list,origin.list,2026-10-07 07:04:10.443793+00:00,2a47da75e8ff6a2450c77a95
vui-vay.com,AVAILABILITY,origin.list,origin.list,2026-10-07 07:04:10.911881+00:00,2a47da75e8ff6a2450c77a95
org-secured.com,AVAILABILITY,origin.list,origin.list,2026-10-07 07:04:16.749078+00:00,2a47da75e8ff6a2450c77a95
lazmail.com.vn,AVAILABILITY,origin.list,origin.list,2026-10-07 07:04:18.946660+00:00,2a47da75e8ff6a2450c77a95
shopducmomtv.com,AVAILABILITY,origin.list,origin.list,2026-10-07 07:04:23.002561+00:00,2a47da75e8ff6a2450c77a95
ledgertp.com,AVAILABILITY,origin.list,origin.list,2026-10-07 07:04:25.176230+00:00,2a47da75e8ff6a2450c77a95
lfb.ink,AVAILABILITY,origin.list,origin.list,2026-10-07 07:04:29.868472+00:00,2a47da75e8ff6a2450c77a95
lazada.gg,AVAILABILITY,origin.list,origin.list,2026-10-07 07:04:32.986824+00:00,2a47da75e8ff6a2450c77a95
dichvucong.tkgov.com,AVAILABILITY,origin.list,origin.list,2026-10-07 07:04:36.116032+00:00,2a47da75e8ff6a2450c77a95
shopaccvip.vn,AVAILABILITY,origin.list,origin.list,2026-10-07 07:04:39.966101+00:00,2a47da75e8ff6a2450c77a95
https-apple.com,AVAILABILITY,origin.list,origin.list,2026-10-07 07:04:42.178347+00:00,2a47da75e8ff6a2450c77a95
me-fb.site,AVAILABILITY,origin.list,origin.list,2026-10-07 07:04:46.332051+00:00,2a47da75e8ff6a2450c77a95
nhanquagunny.com,AVAILABILITY,origin.list,origin.list,2026-10-07 07:04:48.463191+00:00,2a47da75e8ff6a2450c77a95
sukienlq.com,AVAILABILITY,origin.list,origin.list,2026-10-07 07:04:52.601721+00:00,2a47da75e8ff6a2450c77a95
amnsreiuojy.ru,AVAILABILITY,origin.list,origin.list,2026-10-07 07:04:56.810115+00:00,2a47da75e8ff6a2450c77a95
dienmayxanhtantam.com,AVAILABILITY,origin.list,origin.list,2026-10-07 07:05:03.074957+00:00,2a47da75e8ff6a2450c77a95
kiemtienantoan.info,AVAILABILITY,origin.list,origin.list,2026-10-07 07:05:08.412689+00:00,2a47da75e8ff6a2450c77a95
nwbfmp.qzms.online,AVAILABILITY,origin.list,origin.list,2026-10-07 07:05:14.641843+00:00,2a47da75e8ff6a2450c77a95
dienmayxanh247.com,AVAILABILITY,origin.list,origin.list,2026-10-07 07:05:20.958485+00:00,2a47da75e8ff6a2450c77a95
insurancea.vip,AVAILABILITY,origin.list,origin.list,2026-10-07 07:05:21.497943+00:00,2a47da75e8ff6a2450c77a95
1125bgg.teknikad.com,AVAILABILITY,origin.list,origin.list,2026-10-07 07:05:27.756800+00:00,2a47da75e8ff6a2450c77a95
phomuabannhadat.com,AVAILABILITY,origin.list,origin.list,2026-10-07 07:05:34.087718+00:00,2a47da75e8ff6a2450c77a95
rituationscardb.info,AVAILABILITY,origin.list,origin.list,2026-10-07 07:05:35.779675+00:00,2a47da75e8ff6a2450c77a95
face-book.co,AVAILABILITY,origin.list,origin.list,2026-10-07 07:05:40.588301+00:00,2a47da75e8ff6a2450c77a95
chanlemomo.cc,AVAILABILITY,origin.list,origin.list,2026-10-07 07:05:42.166720+00:00,2a47da75e8ff6a2450c77a95
napx3.com,AVAILABILITY,origin.list,origin.list,2026-10-07 07:05:46.899488+00:00,2a47da75e8ff6a2450c77a95
shopmall88.com,AVAILABILITY,origin.list,origin.list,2026-10-07 07:05:48.464690+00:00,2a47da75e8ff6a2450c77a95
shopgamedls.com,AVAILABILITY,origin.list,origin.list,2026-10-07 07:05:53.208796+00:00,2a47da75e8ff6a2450c77a95
lienquan-garena-vn.com,AVAILABILITY,origin.list,origin.list,2026-10-07 07:05:54.754282+00:00,2a47da75e8ff6a2450c77a95
nikestorevn.com,AVAILABILITY,origin.list,origin.list,2026-10-07 07:05:59.461391+00:00,2a47da75e8ff6a2450c77a95
www.nikestorevn.com,AVAILABILITY,origin.list,origin.list,2026-10-07 07:06:01.249491+00:00,2a47da75e8ff6a2450c77a95
vssid.govvvn.com,AVAILABILITY,origin.list,origin.list,2026-10-07 07:06:05.738834+00:00,2a47da75e8ff6a2450c77a95
mobilegamerstats.com,AVAILABILITY,origin.list,origin.list,2026-10-07 07:06:07.482303+00:00,2a47da75e8ff6a2450c77a95
vongquaymayman.store,AVAILABILITY,origin.list,origin.list,2026-10-07 07:06:12.536655+00:00,2a47da75e8ff6a2450c77a95
apteka-money.ru,AVAILABILITY,origin.list,origin.list,2026-10-07 07:06:17.656977+00:00,2a47da75e8ff6a2450c77a95
snoweeanalytics.com,AVAILABILITY,origin.list,origin.list,2026-10-07 07:06:18.930296+00:00,2a47da75e8ff6a2450c77a95
shopgem.net,AVAILABILITY,origin.list,origin.list,2026-10-07 07:06:23.992906+00:00,2a47da75e8ff6a2450c77a95
dien-may-xanh.net,AVAILABILITY,origin.list,origin.list,2026-10-07 07:06:30.292976+00:00,2a47da75e8ff6a2450c77a95
napthefreefire.vn,AVAILABILITY,origin.list,origin.list,2026-10-07 07:06:37.348716+00:00,2a47da75e8ff6a2450c77a95
goshopee.vip,AVAILABILITY,origin.list,origin.list,2026-10-07 07:06:40.689974+00:00,2a47da75e8ff6a2450c77a95
napthesieunhanh.com,AVAILABILITY,origin.list,origin.list,2026-10-07 07:06:43.708726+00:00,2a47da75e8ff6a2450c77a95
kiemtien656.work,AVAILABILITY,origin.list,origin.list,2026-10-07 07:06:48.450756+00:00,2a47da75e8ff6a2450c77a95
0fb.info,AVAILABILITY,origin.list,origin.list,2026-10-07 07:06:52.579188+00:00,2a47da75e8ff6a2450c77a95
topographyupdates.com,AVAILABILITY,origin.list,origin.list,2026-10-07 07:06:54.735687+00:00,2a47da75e8ff6a2450c77a95
suamaylanh.dien-may-xanh.net,AVAILABILITY,origin.list,origin.list,2026-10-07 07:06:58.945782+00:00,2a47da75e8ff6a2450c77a95
baonhanh.online,AVAILABILITY,origin.list,origin.list,2026-10-07 07:07:05.272917+00:00,2a47da75e8ff6a2450c77a95
m-feccabook.info,AVAILABILITY,origin.list,origin.list,2026-10-07 07:07:05.603925+00:00,2a47da75e8ff6a2450c77a95
suatulanh.dien-may-xanh.net,AVAILABILITY,origin.list,origin.list,2026-10-07 07:07:11.558711+00:00,2a47da75e8ff6a2450c77a95
lienquantrianvn2021.com,AVAILABILITY,origin.list,origin.list,2026-10-07 07:07:11.869652+00:00,2a47da75e8ff6a2450c77a95
lienquan.garena-vn.store,AVAILABILITY,origin.list,origin.list,2026-10-07 07:07:17.783670+00:00,2a47da75e8ff6a2450c77a95
lienquanmbvn.com,AVAILABILITY,origin.list,origin.list,2026-10-07 07:07:18.198649+00:00,2a47da75e8ff6a2450c77a95
lienquannhanquavn2021.com,AVAILABILITY,origin.list,origin.list,2026-10-07 07:07:24.087889+00:00,2a47da75e8ff6a2450c77a95
trackqa.help,AVAILABILITY,origin.list,origin.list,2026-10-07 07:07:25.152120+00:00,2a47da75e8ff6a2450c77a95
momo88.top,AVAILABILITY,origin.list,origin.list,2026-10-07 07:07:31.243233+00:00,2a47da75e8ff6a2450c77a95
insurancert.vip,AVAILABILITY,origin.list,origin.list,2026-10-07 07:07:39.465613+00:00,2a47da75e8ff6a2450c77a95
ziefobjq.m0jdq3.me,AVAILABILITY,origin.list,origin.list,2026-10-07 07:07:39.929381+00:00,2a47da75e8ff6a2450c77a95
link.theworkguyoo.com,AVAILABILITY,origin.list,origin.list,2026-10-07 07:07:45.933639+00:00,2a47da75e8ff6a2450c77a95
linshopee.com,AVAILABILITY,origin.list,origin.list,2026-10-07 07:07:46.139795+00:00,2a47da75e8ff6a2450c77a95
track-ec.lol,AVAILABILITY,origin.list,origin.list,2026-10-07 07:07:53.094340+00:00,2a47da75e8ff6a2450c77a95
lienquan-member.vn,AVAILABILITY,origin.list,origin.list,2026-10-07 07:07:53.155469+00:00,2a47da75e8ff6a2450c77a95
lienkettaikhoannhanqua.online,AVAILABILITY,origin.list,origin.list,2026-10-07 07:07:59.511729+00:00,2a47da75e8ff6a2450c77a95
lienquanxgarena.com,AVAILABILITY,origin.list,origin.list,2026-10-07 07:07:59.561433+00:00,2a47da75e8ff6a2450c77a95
linkkrutgon.com,AVAILABILITY,origin.list,origin.list,2026-10-07 07:08:05.879144+00:00,2a47da75e8ff6a2450c77a95
lienquanmobilefree.com,AVAILABILITY,origin.list,origin.list,2026-10-07 07:08:12.514234+00:00,2a47da75e8ff6a2450c77a95
vayvnd.vn,AVAILABILITY,origin.list,origin.list,2026-10-07 07:08:19.777846+00:00,2a47da75e8ff6a2450c77a95
insuranc.vip,AVAILABILITY,origin.list,origin.list,2026-10-07 07:08:21.928733+00:00,2a47da75e8ff6a2450c77a95
liximomo.net,AVAILABILITY,origin.list,origin.list,2026-10-07 07:08:26.231910+00:00,2a47da75e8ff6a2450c77a95
lienquan-member-garena.site,AVAILABILITY,origin.list,origin.list,2026-10-07 07:08:28.199640+00:00,2a47da75e8ff6a2450c77a95
lienvietbank.vn-vp.xyz,AVAILABILITY,origin.list,origin.list,2026-10-07 07:08:32.707580+00:00,2a47da75e8ff6a2450c77a95
lmht-membership.com,AVAILABILITY,origin.list,origin.list,2026-10-07 07:08:34.507708+00:00,2a47da75e8ff6a2450c77a95
llzd2.com,AVAILABILITY,origin.list,origin.list,2026-10-07 07:08:38.970508+00:00,2a47da75e8ff6a2450c77a95
lixitetlienquan.com,AVAILABILITY,origin.list,origin.list,2026-10-07 07:08:40.839123+00:00,2a47da75e8ff6a2450c77a95
lookctv-vn.com,AVAILABILITY,origin.list,origin.list,2026-10-07 07:08:45.249683+00:00,2a47da75e8ff6a2450c77a95
lmoney01.com,AVAILABILITY,origin.list,origin.list,2026-10-07 07:08:47.119445+00:00,2a47da75e8ff6a2450c77a95
loafoushuho.com,AVAILABILITY,origin.list,origin.list,2026-10-07 07:08:51.521307+00:00,2a47da75e8ff6a2450c77a95
link8x.xyz,AVAILABILITY,origin.list,origin.list,2026-10-07 07:08:53.922030+00:00,2a47da75e8ff6a2450c77a95
lienquan-sukien-garena.vn,AVAILABILITY,origin.list,origin.list,2026-10-07 07:08:58.982115+00:00,2a47da75e8ff6a2450c77a95
locmomo.com,AVAILABILITY,origin.list,origin.list,2026-10-07 07:09:00.166843+00:00,2a47da75e8ff6a2450c77a95
loanmoney-th.com,AVAILABILITY,origin.list,origin.list,2026-10-07 07:09:05.265522+00:00,2a47da75e8ff6a2450c77a95
lo.dama582.com,AVAILABILITY,origin.list,origin.list,2026-10-07 07:09:11.588707+00:00,2a47da75e8ff6a2450c77a95
lazada1vn.top,AVAILABILITY,origin.list,origin.list,2026-10-07 07:09:18.328372+00:00,2a47da75e8ff6a2450c77a95
lotomomo.com,AVAILABILITY,origin.list,origin.list,2026-10-07 07:09:24.696958+00:00,2a47da75e8ff6a2450c77a95
insurancdsc.vip,AVAILABILITY,origin.list,origin.list,2026-10-07 07:09:26.370208+00:00,2a47da75e8ff6a2450c77a95
kstorybank.top,AVAILABILITY,origin.list,origin.list,2026-10-07 07:09:32.124706+00:00,2a47da75e8ff6a2450c77a95
lotte3333.com,AVAILABILITY,origin.list,origin.list,2026-10-07 07:09:32.590515+00:00,2a47da75e8ff6a2450c77a95
looklazada.com,AVAILABILITY,origin.list,origin.list,2026-10-07 07:09:38.429966+00:00,2a47da75e8ff6a2450c77a95
long-thanh.com,AVAILABILITY,origin.list,origin.list,2026-10-07 07:09:38.864889+00:00,2a47da75e8ff6a2450c77a95
login-applecare.com,AVAILABILITY,origin.list,origin.list,2026-10-07 07:09:44.670065+00:00,2a47da75e8ff6a2450c77a95
lottefinance6.com,AVAILABILITY,origin.list,origin.list,2026-10-07 07:09:45.113102+00:00,2a47da75e8ff6a2450c77a95
liximomo.fun,AVAILABILITY,origin.list,origin.list,2026-10-07 07:09:50.988640+00:00,2a47da75e8ff6a2450c77a95
lottefinance.vay10s.com,AVAILABILITY,origin.list,origin.list,2026-10-07 07:09:51.454026+00:00,2a47da75e8ff6a2450c77a95
lotte66.com,AVAILABILITY,origin.list,origin.list,2026-10-07 07:09:57.256874+00:00,2a47da75e8ff6a2450c77a95
lienquanmobile.shop,AVAILABILITY,origin.list,origin.list,2026-10-07 07:10:03.318218+00:00,2a47da75e8ff6a2450c77a95
likeviet07.online,AVAILABILITY,origin.list,origin.list,2026-10-07 07:10:10.850996+00:00,2a47da75e8ff6a2450c77a95
lottevn333.com,AVAILABILITY,origin.list,origin.list,2026-10-07 07:10:17.141446+00:00,2a47da75e8ff6a2450c77a95
insurancide.vip,AVAILABILITY,origin.list,origin.list,2026-10-07 07:10:17.777778+00:00,2a47da75e8ff6a2450c77a95
tdkd08.com,AVAILABILITY,origin.list,origin.list,2026-10-07 07:10:24.098815+00:00,2a47da75e8ff6a2450c77a95
klingxai.com,AVAILABILITY,origin.list,origin.list,2026-10-07 07:10:24.477010+00:00,2a47da75e8ff6a2450c77a95
lottevn518.com,AVAILABILITY,origin.list,origin.list,2026-10-07 07:10:30.369884+00:00,2a47da75e8ff6a2450c77a95
lotte333.com,AVAILABILITY,origin.list,origin.list,2026-10-07 07:10:30.817894+00:00,2a47da75e8ff6a2450c77a95
lottevn896.com,AVAILABILITY,origin.list,origin.list,2026-10-07 07:10:36.696192+00:00,2a47da75e8ff6a2450c77a95
4668843.cc,AVAILABILITY,origin.list,origin.list,2026-10-07 07:10:37.394344+00:00,2a47da75e8ff6a2450c77a95
bhxh.co,AVAILABILITY,origin.list,origin.list,2026-10-07 07:10:43.011760+00:00,2a47da75e8ff6a2450c77a95
lienquan-vgarena.vn,AVAILABILITY,origin.list,origin.list,2026-10-07 07:10:44.567505+00:00,2a47da75e8ff6a2450c77a95
khuyenkhichsangtaoviet.net,AVAILABILITY,origin.list,origin.list,2026-10-07 07:10:49.295157+00:00,2a47da75e8ff6a2450c77a95
2305748.cc,AVAILABILITY,origin.list,origin.list,2026-10-07 07:10:50.965881+00:00,2a47da75e8ff6a2450c77a95
aikguairn.osmt.link,AVAILABILITY,origin.list,origin.list,2026-10-07 07:10:55.467240+00:00,2a47da75e8ff6a2450c77a95
vaytinchapvpbank.com,AVAILABILITY,origin.list,origin.list,2026-10-07 07:10:57.230076+00:00,2a47da75e8ff6a2450c77a95
gqcqbpl.vneuw.online,AVAILABILITY,origin.list,origin.list,2026-10-07 07:11:01.696960+00:00,2a47da75e8ff6a2450c77a95
vpbank.appvest.vn,AVAILABILITY,origin.list,origin.list,2026-10-07 07:11:04.632995+00:00,2a47da75e8ff6a2450c77a95
lottevn999.com,AVAILABILITY,origin.list,origin.list,2026-10-07 07:11:07.997485+00:00,2a47da75e8ff6a2450c77a95
lottevn666.com,AVAILABILITY,origin.list,origin.list,2026-10-07 07:11:10.990345+00:00,2a47da75e8ff6a2450c77a95
lsacomban.com,AVAILABILITY,origin.list,origin.list,2026-10-07 07:11:14.415311+00:00,2a47da75e8ff6a2450c77a95
lvietcombank.com,AVAILABILITY,origin.list,origin.list,2026-10-07 07:11:17.261316+00:00,2a47da75e8ff6a2450c77a95
lottefinancev.cc,AVAILABILITY,origin.list,origin.list,2026-10-07 07:11:20.705632+00:00,2a47da75e8ff6a2450c77a95
luuvanquang.com,AVAILABILITY,origin.list,origin.list,2026-10-07 07:11:23.507870+00:00,2a47da75e8ff6a2450c77a95
lzd2024.com,AVAILABILITY,origin.list,origin.list,2026-10-07 07:11:26.986866+00:00,2a47da75e8ff6a2450c77a95
m.1svi101.com,AVAILABILITY,origin.list,origin.list,2026-10-07 07:11:29.948923+00:00,2a47da75e8ff6a2450c77a95
m.duftpe.com,AVAILABILITY,origin.list,origin.list,2026-10-07 07:11:33.487047+00:00,2a47da75e8ff6a2450c77a95
lstmoney.xyz,AVAILABILITY,origin.list,origin.list,2026-10-07 07:11:39.781035+00:00,2a47da75e8ff6a2450c77a95
m.luxurysvip888.com,AVAILABILITY,origin.list,origin.list,2026-10-07 07:11:40.323551+00:00,2a47da75e8ff6a2450c77a95
m.5u1io.com,AVAILABILITY,origin.list,origin.list,2026-10-07 07:11:46.550937+00:00,2a47da75e8ff6a2450c77a95
m-fb.site,AVAILABILITY,origin.list,origin.list,2026-10-07 07:11:47.207892+00:00,2a47da75e8ff6a2450c77a95
magazineshopeeonline.com,AVAILABILITY,origin.list,origin.list,2026-10-07 07:11:53.258925+00:00,2a47da75e8ff6a2450c77a95
shoptienzombie.vn,AVAILABILITY,origin.list,origin.list,2026-10-07 07:11:54.132196+00:00,2a47da75e8ff6a2450c77a95
mail.pcygphil.com,AVAILABILITY,origin.list,origin.list,2026-10-07 07:11:59.597867+00:00,2a47da75e8ff6a2450c77a95
m.lxysp94.com,AVAILABILITY,origin.list,origin.list,2026-10-07 07:12:00.673562+00:00,2a47da75e8ff6a2450c77a95
m.kone365.com,AVAILABILITY,origin.list,origin.list,2026-10-07 07:12:07.165250+00:00,2a47da75e8ff6a2450c77a95
locabank.vn,AVAILABILITY,origin.list,origin.list,2026-10-07 07:12:07.272551+00:00,2a47da75e8ff6a2450c77a95
lotttemart.store,AVAILABILITY,origin.list,origin.list,2026-10-07 07:12:13.473617+00:00,2a47da75e8ff6a2450c77a95
low-lyingwh.cfd,AVAILABILITY,origin.list,origin.list,2026-10-07 07:12:13.929514+00:00,2a47da75e8ff6a2450c77a95
m.maxdong101.com,AVAILABILITY,origin.list,origin.list,2026-10-07 07:12:20.051258+00:00,2a47da75e8ff6a2450c77a95
macysbyi.com,AVAILABILITY,origin.list,origin.list,2026-10-07 07:12:20.222074+00:00,2a47da75e8ff6a2450c77a95
mail.simpletra.com,AVAILABILITY,origin.list,origin.list,2026-10-07 07:12:26.317971+00:00,2a47da75e8ff6a2450c77a95
m.tot166.com,AVAILABILITY,origin.list,origin.list,2026-10-07 07:12:32.775838+00:00,2a47da75e8ff6a2450c77a95
insurancexl.vip,AVAILABILITY,origin.list,origin.list,2026-10-07 07:12:34.748213+00:00,2a47da75e8ff6a2450c77a95
master-visa-nang-hang-ca-nhan-vib.com,AVAILABILITY,origin.list,origin.list,2026-10-07 07:12:39.077598+00:00,2a47da75e8ff6a2450c77a95
m.nbm65.com,AVAILABILITY,origin.list,origin.list,2026-10-07 07:12:41.258554+00:00,2a47da75e8ff6a2450c77a95
mail.bomloginset.com,AVAILABILITY,origin.list,origin.list,2026-10-07 07:12:45.584383+00:00,2a47da75e8ff6a2450c77a95
mastercard-quetthetindung247.com,AVAILABILITY,origin.list,origin.list,2026-10-07 07:12:47.554194+00:00,2a47da75e8ff6a2450c77a95
m.vnsc-finhay.com,AVAILABILITY,origin.list,origin.list,2026-10-07 07:12:54.030621+00:00,2a47da75e8ff6a2450c77a95
amazonsg.shop,AVAILABILITY,origin.list,origin.list,2026-10-07 07:12:55.016964+00:00,2a47da75e8ff6a2450c77a95
mbankingvn.com,AVAILABILITY,origin.list,origin.list,2026-10-07 07:13:00.356258+00:00,2a47da75e8ff6a2450c77a95
main-card-vib.com,AVAILABILITY,origin.list,origin.list,2026-10-07 07:13:01.275778+00:00,2a47da75e8ff6a2450c77a95
m.mmocorporation2017.com,AVAILABILITY,origin.list,origin.list,2026-10-07 07:13:06.938370+00:00,2a47da75e8ff6a2450c77a95
mallslazada.com,AVAILABILITY,origin.list,origin.list,2026-10-07 07:13:07.582317+00:00,2a47da75e8ff6a2450c77a95
mail.theworkguyoo.com,AVAILABILITY,origin.list,origin.list,2026-10-07 07:13:13.224484+00:00,2a47da75e8ff6a2450c77a95
lazadaapp.top,AVAILABILITY,origin.list,origin.list,2026-10-07 07:13:15.055527+00:00,2a47da75e8ff6a2450c77a95
mayxanhsg.com,AVAILABILITY,origin.list,origin.list,2026-10-07 07:13:19.527196+00:00,2a47da75e8ff6a2450c77a95
mail.labtpb.online,AVAILABILITY,origin.list,origin.list,2026-10-07 07:13:21.309718+00:00,2a47da75e8ff6a2450c77a95
m.one018.com,AVAILABILITY,origin.list,origin.list,2026-10-07 07:13:25.967792+00:00,2a47da75e8ff6a2450c77a95
mayanpuzzle.com,AVAILABILITY,origin.list,origin.list,2026-10-07 07:13:27.672021+00:00,2a47da75e8ff6a2450c77a95
mbbankl.com,AVAILABILITY,origin.list,origin.list,2026-10-07 07:13:32.203251+00:00,2a47da75e8ff6a2450c77a95
mbbkh-canhan.com,AVAILABILITY,origin.list,origin.list,2026-10-07 07:13:33.886240+00:00,2a47da75e8ff6a2450c77a95
mbbankn.com,AVAILABILITY,origin.list,origin.list,2026-10-07 07:13:38.478875+00:00,2a47da75e8ff6a2450c77a95
mbdk555.com,AVAILABILITY,origin.list,origin.list,2026-10-07 07:13:40.188407+00:00,2a47da75e8ff6a2450c77a95
mbbankmn.com,AVAILABILITY,origin.list,origin.list,2026-10-07 07:13:44.776542+00:00,2a47da75e8ff6a2450c77a95
mbbank2.com,AVAILABILITY,origin.list,origin.list,2026-10-07 07:13:46.495433+00:00,2a47da75e8ff6a2450c77a95
mcfa11.com,AVAILABILITY,origin.list,origin.list,2026-10-07 07:21:38.186072+00:00,2a47da75e8ff6a2450c77a95
mbdkb.com,AVAILABILITY,origin.list,origin.list,2026-10-07 07:21:38.187324+00:00,2a47da75e8ff6a2450c77a95
mavietnam.xyz,AVAILABILITY,origin.list,origin.list,2026-10-07 07:21:45.139672+00:00,2a47da75e8ff6a2450c77a95
lazadasds.top,AVAILABILITY,origin.list,origin.list,2026-10-07 07:21:45.783945+00:00,2a47da75e8ff6a2450c77a95
mbfn-fic.com,AVAILABILITY,origin.list,origin.list,2026-10-07 07:21:53.450741+00:00,2a47da75e8ff6a2450c77a95
mbdk99.com,AVAILABILITY,origin.list,origin.list,2026-10-07 07:21:53.546290+00:00,2a47da75e8ff6a2450c77a95
mbtk-bank.com,AVAILABILITY,origin.list,origin.list,2026-10-07 07:21:59.928197+00:00,2a47da75e8ff6a2450c77a95
member-gaarena.com,AVAILABILITY,origin.list,origin.list,2026-10-07 07:22:06.434658+00:00,2a47da75e8ff6a2450c77a95
lelong.shop,AVAILABILITY,origin.list,origin.list,2026-10-07 07:22:08.087362+00:00,2a47da75e8ff6a2450c77a95
maivang.xyz,AVAILABILITY,origin.list,origin.list,2026-10-07 07:22:12.911616+00:00,2a47da75e8ff6a2450c77a95
lottehanoi.com.vn,AVAILABILITY,origin.list,origin.list,2026-10-07 07:22:15.987307+00:00,2a47da75e8ff6a2450c77a95
mbfic-plus.com,AVAILABILITY,origin.list,origin.list,2026-10-07 07:22:19.373679+00:00,2a47da75e8ff6a2450c77a95
mayyadc.cfd,AVAILABILITY,origin.list,origin.list,2026-10-07 07:22:22.631372+00:00,2a47da75e8ff6a2450c77a95
member-garena-lienquan.com,AVAILABILITY,origin.list,origin.list,2026-10-07 07:22:25.779650+00:00,2a47da75e8ff6a2450c77a95
mbcanhan-cskh.com,AVAILABILITY,origin.list,origin.list,2026-10-07 07:22:29.108291+00:00,2a47da75e8ff6a2450c77a95
mcredit.vaynhanh-bankcredits.com,AVAILABILITY,origin.list,origin.list,2026-10-07 07:22:32.005429+00:00,2a47da75e8ff6a2450c77a95
memberr-garenaa.com,AVAILABILITY,origin.list,origin.list,2026-10-07 07:22:38.288056+00:00,2a47da75e8ff6a2450c77a95
m-facebook.com.vn,AVAILABILITY,origin.list,origin.list,2026-10-07 07:22:46.534311+00:00,2a47da75e8ff6a2450c77a95
vitienonline88.com,AVAILABILITY,origin.list,origin.list,2026-10-07 07:22:46.719988+00:00,2a47da75e8ff6a2450c77a95
membership-ff-garenaa.com,AVAILABILITY,origin.list,origin.list,2026-10-07 07:22:52.790062+00:00,2a47da75e8ff6a2450c77a95
shopmall.one,AVAILABILITY,origin.list,origin.list,2026-10-07 07:22:54.066687+00:00,2a47da75e8ff6a2450c77a95
mbbffn.online,AVAILABILITY,origin.list,origin.list,2026-10-07 07:22:58.951005+00:00,2a47da75e8ff6a2450c77a95
membership-garenaviet.com,AVAILABILITY,origin.list,origin.list,2026-10-07 07:23:00.476980+00:00,2a47da75e8ff6a2450c77a95
member-lienquan-garena.com,AVAILABILITY,origin.list,origin.list,2026-10-07 07:23:05.247985+00:00,2a47da75e8ff6a2450c77a95
likeshop.life,AVAILABILITY,origin.list,origin.list,2026-10-07 07:23:07.407181+00:00,2a47da75e8ff6a2450c77a95
membergarenaviet.com,AVAILABILITY,origin.list,origin.list,2026-10-07 07:23:11.510400+00:00,2a47da75e8ff6a2450c77a95
membership-garenaavn.com,AVAILABILITY,origin.list,origin.list,2026-10-07 07:23:13.760493+00:00,2a47da75e8ff6a2450c77a95
membershipgarenaff2021.com,AVAILABILITY,origin.list,origin.list,2026-10-07 07:23:19.972123+00:00,2a47da75e8ff6a2450c77a95
liximomo.club,AVAILABILITY,origin.list,origin.list,2026-10-07 07:23:21.389817+00:00,2a47da75e8ff6a2450c77a95
membershipgarena-ff.com,AVAILABILITY,origin.list,origin.list,2026-10-07 07:23:26.198320+00:00,2a47da75e8ff6a2450c77a95
mbbank247.xyz,AVAILABILITY,origin.list,origin.list,2026-10-07 07:23:28.093046+00:00,2a47da75e8ff6a2450c77a95
membershipgarana.com,AVAILABILITY,origin.list,origin.list,2026-10-07 07:23:32.585089+00:00,2a47da75e8ff6a2450c77a95
membershipgarenafreefire2021.com,AVAILABILITY,origin.list,origin.list,2026-10-07 07:23:34.256425+00:00,2a47da75e8ff6a2450c77a95
membershipgarenavn-2021.com,AVAILABILITY,origin.list,origin.list,2026-10-07 07:23:38.788788+00:00,2a47da75e8ff6a2450c77a95
memberrship-ff-garena.com,AVAILABILITY,origin.list,origin.list,2026-10-07 07:23:45.145772+00:00,2a47da75e8ff6a2450c77a95
membershipp-garena.com,AVAILABILITY,origin.list,origin.list,2026-10-07 07:23:51.326130+00:00,2a47da75e8ff6a2450c77a95
maps-icloud.today,AVAILABILITY,origin.list,origin.list,2026-10-07 07:23:58.299043+00:00,2a47da75e8ff6a2450c77a95
fuconap.vip,AVAILABILITY,origin.list,origin.list,2026-10-07 07:23:58.429946+00:00,2a47da75e8ff6a2450c77a95
membershipgameff2021.com,AVAILABILITY,origin.list,origin.list,2026-10-07 07:24:04.442008+00:00,2a47da75e8ff6a2450c77a95
membershipp-garenavn.com,AVAILABILITY,origin.list,origin.list,2026-10-07 07:24:04.662156+00:00,2a47da75e8ff6a2450c77a95
membershipgarenafreefires.com,AVAILABILITY,origin.list,origin.list,2026-10-07 07:24:10.978515+00:00,2a47da75e8ff6a2450c77a95
llappa.top,AVAILABILITY,origin.list,origin.list,2026-10-07 07:24:12.228433+00:00,2a47da75e8ff6a2450c77a95
membershipsfreefire-garena.com,AVAILABILITY,origin.list,origin.list,2026-10-07 07:24:17.159805+00:00,2a47da75e8ff6a2450c77a95
liximomo.top,AVAILABILITY,origin.list,origin.list,2026-10-07 07:24:19.049088+00:00,2a47da75e8ff6a2450c77a95
membeshipp-garenavn.com,AVAILABILITY,origin.list,origin.list,2026-10-07 07:24:23.406259+00:00,2a47da75e8ff6a2450c77a95
membershippfreefirevn.com,AVAILABILITY,origin.list,origin.list,2026-10-07 07:24:25.250068+00:00,2a47da75e8ff6a2450c77a95
menberships-ff-garrena.com,AVAILABILITY,origin.list,origin.list,2026-10-07 07:24:31.416235+00:00,2a47da75e8ff6a2450c77a95
membershipsvn.com,AVAILABILITY,origin.list,origin.list,2026-10-07 07:24:37.555004+00:00,2a47da75e8ff6a2450c77a95
membershipsgarenavn-ff.com,AVAILABILITY,origin.list,origin.list,2026-10-07 07:24:43.752388+00:00,2a47da75e8ff6a2450c77a95
app.ledger-lives-desktop.io,AVAILABILITY,origin.list,origin.list,2026-10-07 07:24:46.280637+00:00,2a47da75e8ff6a2450c77a95
menbershipps-ffvn.com,AVAILABILITY,origin.list,origin.list,2026-10-07 07:24:49.961947+00:00,2a47da75e8ff6a2450c77a95
membershipsvn-garena.com,AVAILABILITY,origin.list,origin.list,2026-10-07 07:24:52.557101+00:00,2a47da75e8ff6a2450c77a95
lotte.cm66llks.top,AVAILABILITY,origin.list,origin.list,2026-10-07 07:24:56.600639+00:00,2a47da75e8ff6a2450c77a95
membershipsinhnhatfreefire2021.com,AVAILABILITY,origin.list,origin.list,2026-10-07 07:24:58.913825+00:00,2a47da75e8ff6a2450c77a95
mfacebok.com,AVAILABILITY,origin.list,origin.list,2026-10-07 07:25:02.770308+00:00,2a47da75e8ff6a2450c77a95
memmberzship.com,AVAILABILITY,origin.list,origin.list,2026-10-07 07:25:05.115161+00:00,2a47da75e8ff6a2450c77a95
membershipsgarenaff.com,AVAILABILITY,origin.list,origin.list,2026-10-07 07:25:08.915007+00:00,2a47da75e8ff6a2450c77a95
membershipkimcuong.online,AVAILABILITY,origin.list,origin.list,2026-10-07 07:25:11.373422+00:00,2a47da75e8ff6a2450c77a95
metcoin-exchange.com,AVAILABILITY,origin.list,origin.list,2026-10-07 07:25:15.101953+00:00,2a47da75e8ff6a2450c77a95
miaoniter.com,AVAILABILITY,origin.list,origin.list,2026-10-07 07:25:17.556192+00:00,2a47da75e8ff6a2450c77a95
jsivqe.aramco8.com,AVAILABILITY,origin.list,origin.list,2026-10-07 07:25:21.271271+00:00,2a47da75e8ff6a2450c77a95
membeshipgarena.com,AVAILABILITY,origin.list,origin.list,2026-10-07 07:25:23.767644+00:00,2a47da75e8ff6a2450c77a95
minhngocc789.com,AVAILABILITY,origin.list,origin.list,2026-10-07 07:25:27.525040+00:00,2a47da75e8ff6a2450c77a95
mhshopee.com,AVAILABILITY,origin.list,origin.list,2026-10-07 07:25:29.903416+00:00,2a47da75e8ff6a2450c77a95
minigamemomo.net,AVAILABILITY,origin.list,origin.list,2026-10-07 07:25:33.957210+00:00,2a47da75e8ff6a2450c77a95
minhchinhmega.com,AVAILABILITY,origin.list,origin.list,2026-10-07 07:25:36.190978+00:00,2a47da75e8ff6a2450c77a95
miles-card-vpbank.com,AVAILABILITY,origin.list,origin.list,2026-10-07 07:25:42.503606+00:00,2a47da75e8ff6a2450c77a95
mlazada.com,AVAILABILITY,origin.list,origin.list,2026-10-07 07:25:48.946546+00:00,2a47da75e8ff6a2450c77a95
mmbonline01.com,AVAILABILITY,origin.list,origin.list,2026-10-07 07:25:55.290545+00:00,2a47da75e8ff6a2450c77a95
mljfff.zgbv.tech,AVAILABILITY,origin.list,origin.list,2026-10-07 07:26:01.463356+00:00,2a47da75e8ff6a2450c77a95
miner-linkperfectmoney.com,AVAILABILITY,origin.list,origin.list,2026-10-07 07:26:07.800307+00:00,2a47da75e8ff6a2450c77a95
micronsofte-online.com,AVAILABILITY,origin.list,origin.list,2026-10-07 07:26:14.192224+00:00,2a47da75e8ff6a2450c77a95
allowlisted.net,AVAILABILITY,origin.list,origin.list,2026-10-07 07:26:16.347615+00:00,2a47da75e8ff6a2450c77a95
mmocorporation2017.com,AVAILABILITY,origin.list,origin.list,2026-10-07 07:26:20.648785+00:00,2a47da75e8ff6a2450c77a95
member.sso-garena.vn,AVAILABILITY,origin.list,origin.list,2026-10-07 07:26:23.153319+00:00,2a47da75e8ff6a2450c77a95
mistyforestolqt.online,AVAILABILITY,origin.list,origin.list,2026-10-07 07:26:26.728361+00:00,2a47da75e8ff6a2450c77a95
mobilebankingvn.com,AVAILABILITY,origin.list,origin.list,2026-10-07 07:26:29.453077+00:00,2a47da75e8ff6a2450c77a95
mohopnhanpham-garena.com,AVAILABILITY,origin.list,origin.list,2026-10-07 07:26:33.082494+00:00,2a47da75e8ff6a2450c77a95
momo10s.com,AVAILABILITY,origin.list,origin.list,2026-10-07 07:26:35.688026+00:00,2a47da75e8ff6a2450c77a95
momo147.com,AVAILABILITY,origin.list,origin.list,2026-10-07 07:26:39.371335+00:00,2a47da75e8ff6a2450c77a95
meokiemtien.online,AVAILABILITY,origin.list,origin.list,2026-10-07 07:26:41.766557+00:00,2a47da75e8ff6a2450c77a95
momo12.net,AVAILABILITY,origin.list,origin.list,2026-10-07 07:26:45.582027+00:00,2a47da75e8ff6a2450c77a95
membership-garena.vn,AVAILABILITY,origin.list,origin.list,2026-10-07 07:26:48.797731+00:00,2a47da75e8ff6a2450c77a95
mkshopmobi.xyz,AVAILABILITY,origin.list,origin.list,2026-10-07 07:26:52.265379+00:00,2a47da75e8ff6a2450c77a95
ivz7x63ymy.ru,AVAILABILITY,origin.list,origin.list,2026-10-07 07:26:58.200037+00:00,2a47da75e8ff6a2450c77a95
mershadclo.cfd,AVAILABILITY,origin.list,origin.list,2026-10-07 07:26:58.782277+00:00,2a47da75e8ff6a2450c77a95
momo30s.com,AVAILABILITY,origin.list,origin.list,2026-10-07 07:27:04.419635+00:00,2a47da75e8ff6a2450c77a95
momo2s.com,AVAILABILITY,origin.list,origin.list,2026-10-07 07:27:05.168811+00:00,2a47da75e8ff6a2450c77a95
momo5s.com,AVAILABILITY,origin.list,origin.list,2026-10-07 07:27:10.587347+00:00,2a47da75e8ff6a2450c77a95
momo9s.com,AVAILABILITY,origin.list,origin.list,2026-10-07 07:27:11.650017+00:00,2a47da75e8ff6a2450c77a95
menhichs.cfd,AVAILABILITY,origin.list,origin.list,2026-10-07 07:27:17.266723+00:00,2a47da75e8ff6a2450c77a95
momo3s.net,AVAILABILITY,origin.list,origin.list,2026-10-07 07:27:17.925709+00:00,2a47da75e8ff6a2450c77a95
momo3s.com,AVAILABILITY,origin.list,origin.list,2026-10-07 07:27:23.689178+00:00,2a47da75e8ff6a2450c77a95
momo76.com,AVAILABILITY,origin.list,origin.list,2026-10-07 07:27:24.178755+00:00,2a47da75e8ff6a2450c77a95
momo79.net,AVAILABILITY,origin.list,origin.list,2026-10-07 07:27:29.875154+00:00,2a47da75e8ff6a2450c77a95
momo91.net,AVAILABILITY,origin.list,origin.list,2026-10-07 07:27:30.517421+00:00,2a47da75e8ff6a2450c77a95
momo678.fun,AVAILABILITY,origin.list,origin.list,2026-10-07 07:27:36.021026+00:00,2a47da75e8ff6a2450c77a95
momobank.pw,AVAILABILITY,origin.list,origin.list,2026-10-07 07:27:36.700595+00:00,2a47da75e8ff6a2450c77a95
momo35.fun,AVAILABILITY,origin.list,origin.list,2026-10-07 07:27:42.846100+00:00,2a47da75e8ff6a2450c77a95
lazadavn.info,AVAILABILITY,origin.list,origin.list,2026-10-07 07:27:47.885448+00:00,2a47da75e8ff6a2450c77a95
momofhd.com,AVAILABILITY,origin.list,origin.list,2026-10-07 07:27:49.302073+00:00,2a47da75e8ff6a2450c77a95
momochanle.fun,AVAILABILITY,origin.list,origin.list,2026-10-07 07:27:53.903040+00:00,2a47da75e8ff6a2450c77a95
mobile-ibankingshopee.vn,AVAILABILITY,origin.list,origin.list,2026-10-07 07:27:56.177015+00:00,2a47da75e8ff6a2450c77a95
momofld.com,AVAILABILITY,origin.list,origin.list,2026-10-07 07:28:00.219119+00:00,2a47da75e8ff6a2450c77a95
mobilebanking-shopee.vn,AVAILABILITY,origin.list,origin.list,2026-10-07 07:28:03.096577+00:00,2a47da75e8ff6a2450c77a95
momojqk.com,AVAILABILITY,origin.list,origin.list,2026-10-07 07:28:06.347128+00:00,2a47da75e8ff6a2450c77a95
momo4d.agency,AVAILABILITY,origin.list,origin.list,2026-10-07 07:28:10.220822+00:00,2a47da75e8ff6a2450c77a95
momoproapi.com,AVAILABILITY,origin.list,origin.list,2026-10-07 07:28:12.558204+00:00,2a47da75e8ff6a2450c77a95
momoloto.com,AVAILABILITY,origin.list,origin.list,2026-10-07 07:28:18.779530+00:00,2a47da75e8ff6a2450c77a95
kimtruongphat.org,AVAILABILITY,origin.list,origin.list,2026-10-07 07:28:24.565307+00:00,2a47da75e8ff6a2450c77a95
momosushivancouver.com,AVAILABILITY,origin.list,origin.list,2026-10-07 07:28:25.010994+00:00,2a47da75e8ff6a2450c77a95
momoshopvip.com,AVAILABILITY,origin.list,origin.list,2026-10-07 07:28:30.743310+00:00,2a47da75e8ff6a2450c77a95
momovayi.com,AVAILABILITY,origin.list,origin.list,2026-10-07 07:28:31.184191+00:00,2a47da75e8ff6a2450c77a95
momoshopy.com,AVAILABILITY,origin.list,origin.list,2026-10-07 07:28:37.356893+00:00,2a47da75e8ff6a2450c77a95
momocltx.xyz,AVAILABILITY,origin.list,origin.list,2026-10-07 07:28:37.419539+00:00,2a47da75e8ff6a2450c77a95
momobip.xyz,AVAILABILITY,origin.list,origin.list,2026-10-07 07:28:43.903053+00:00,2a47da75e8ff6a2450c77a95
momochanle.win,AVAILABILITY,origin.list,origin.list,2026-10-07 07:28:44.794464+00:00,2a47da75e8ff6a2450c77a95
momo113.win,AVAILABILITY,origin.list,origin.list,2026-10-07 07:28:50.913317+00:00,2a47da75e8ff6a2450c77a95
momo.builders,AVAILABILITY,origin.list,origin.list,2026-10-07 07:28:51.015886+00:00,2a47da75e8ff6a2450c77a95
momotudong.net,AVAILABILITY,origin.list,origin.list,2026-10-07 07:28:57.116794+00:00,2a47da75e8ff6a2450c77a95
money-credit88.com,AVAILABILITY,origin.list,origin.list,2026-10-07 07:28:57.199964+00:00,2a47da75e8ff6a2450c77a95
m.thuecn.top,AVAILABILITY,origin.list,origin.list,2026-10-07 07:29:03.694486+00:00,2a47da75e8ff6a2450c77a95
lazada6.org,AVAILABILITY,origin.list,origin.list,2026-10-07 07:29:09.376413+00:00,2a47da75e8ff6a2450c77a95
m.vncongthue.top,AVAILABILITY,origin.list,origin.list,2026-10-07 07:29:11.137137+00:00,2a47da75e8ff6a2450c77a95
momosieutoc.net,AVAILABILITY,origin.list,origin.list,2026-10-07 07:29:15.524532+00:00,2a47da75e8ff6a2450c77a95
momovnd.com,AVAILABILITY,origin.list,origin.list,2026-10-07 07:29:17.425075+00:00,2a47da75e8ff6a2450c77a95
momovip88.com,AVAILABILITY,origin.list,origin.list,2026-10-07 07:29:23.579784+00:00,2a47da75e8ff6a2450c77a95
momohen.fun,AVAILABILITY,origin.list,origin.list,2026-10-07 07:29:29.753861+00:00,2a47da75e8ff6a2450c77a95
momovui.com,AVAILABILITY,origin.list,origin.list,2026-10-07 07:29:41.009474+00:00,2a47da75e8ff6a2450c77a95
mobile-facebook.com.vn,AVAILABILITY,origin.list,origin.list,2026-10-07 07:29:48.555403+00:00,2a47da75e8ff6a2450c77a95
shopee92.vip,AVAILABILITY,origin.list,origin.list,2026-10-07 07:29:53.068938+00:00,2a47da75e8ff6a2450c77a95
momo686.win,AVAILABILITY,origin.list,origin.list,2026-10-07 07:29:54.750635+00:00,2a47da75e8ff6a2450c77a95
moneyloan-vn.com,AVAILABILITY,origin.list,origin.list,2026-10-07 07:29:59.414121+00:00,2a47da75e8ff6a2450c77a95
momovip03.com,AVAILABILITY,origin.list,origin.list,2026-10-07 07:30:00.996828+00:00,2a47da75e8ff6a2450c77a95
moneydong123.com,AVAILABILITY,origin.list,origin.list,2026-10-07 07:30:05.661308+00:00,2a47da75e8ff6a2450c77a95
momoxxx.net,AVAILABILITY,origin.list,origin.list,2026-10-07 07:30:07.173345+00:00,2a47da75e8ff6a2450c77a95
moneytracking137.com,AVAILABILITY,origin.list,origin.list,2026-10-07 07:30:11.969994+00:00,2a47da75e8ff6a2450c77a95
mothe.tindung-hd.com,AVAILABILITY,origin.list,origin.list,2026-10-07 07:30:13.532006+00:00,2a47da75e8ff6a2450c77a95
morganbankk.com,AVAILABILITY,origin.list,origin.list,2026-10-07 07:30:18.253355+00:00,2a47da75e8ff6a2450c77a95
morganbank.online,AVAILABILITY,origin.list,origin.list,2026-10-07 07:30:19.667628+00:00,2a47da75e8ff6a2450c77a95
momomini.online,AVAILABILITY,origin.list,origin.list,2026-10-07 07:30:25.882300+00:00,2a47da75e8ff6a2450c77a95
mmomo.me,AVAILABILITY,origin.list,origin.list,2026-10-07 07:30:26.813918+00:00,2a47da75e8ff6a2450c77a95
mp220303.com,AVAILABILITY,origin.list,origin.list,2026-10-07 07:30:32.193152+00:00,2a47da75e8ff6a2450c77a95
mbbank247.top,AVAILABILITY,origin.list,origin.list,2026-10-07 07:30:34.045276+00:00,2a47da75e8ff6a2450c77a95
moneyvi.xyz,AVAILABILITY,origin.list,origin.list,2026-10-07 07:30:38.881536+00:00,2a47da75e8ff6a2450c77a95
mpos-phieudangkyruttien.com,AVAILABILITY,origin.list,origin.list,2026-10-07 07:30:40.305839+00:00,2a47da75e8ff6a2450c77a95
muabanwin.co,AVAILABILITY,origin.list,origin.list,2026-10-07 07:30:45.183548+00:00,2a47da75e8ff6a2450c77a95
miu78.me,AVAILABILITY,origin.list,origin.list,2026-10-07 07:30:48.819411+00:00,2a47da75e8ff6a2450c77a95
mpos-ruttientindungnhanh.com,AVAILABILITY,origin.list,origin.list,2026-10-07 07:30:51.382536+00:00,2a47da75e8ff6a2450c77a95
mpos-ruttindunguytinvn.com,AVAILABILITY,origin.list,origin.list,2026-10-07 07:30:55.087306+00:00,2a47da75e8ff6a2450c77a95
mp0s247-quetthetindung.com,AVAILABILITY,origin.list,origin.list,2026-10-07 07:30:57.506816+00:00,2a47da75e8ff6a2450c77a95
morganbank.pw,AVAILABILITY,origin.list,origin.list,2026-10-07 07:31:01.185251+00:00,2a47da75e8ff6a2450c77a95
msb.vn-cvs.xyz,AVAILABILITY,origin.list,origin.list,2026-10-07 07:31:04.006413+00:00,2a47da75e8ff6a2450c77a95
msb.msbbsm.com,AVAILABILITY,origin.list,origin.list,2026-10-07 07:31:07.509874+00:00,2a47da75e8ff6a2450c77a95
mpvn-checkmoney6868payment.com,AVAILABILITY,origin.list,origin.list,2026-10-07 07:31:10.228325+00:00,2a47da75e8ff6a2450c77a95
muabannickforumug.com,AVAILABILITY,origin.list,origin.list,2026-10-07 07:31:13.768914+00:00,2a47da75e8ff6a2450c77a95
motaikhoannganhang.online,AVAILABILITY,origin.list,origin.list,2026-10-07 07:31:16.309076+00:00,2a47da75e8ff6a2450c77a95
muacodehay.com,AVAILABILITY,origin.list,origin.list,2026-10-07 07:31:19.950212+00:00,2a47da75e8ff6a2450c77a95
msbfhd.com,AVAILABILITY,origin.list,origin.list,2026-10-07 07:31:22.622286+00:00,2a47da75e8ff6a2450c77a95
muahangcargo.com,AVAILABILITY,origin.list,origin.list,2026-10-07 07:31:26.163269+00:00,2a47da75e8ff6a2450c77a95
muaaccfifa.com,AVAILABILITY,origin.list,origin.list,2026-10-07 07:31:28.955233+00:00,2a47da75e8ff6a2450c77a95
momo247.me,AVAILABILITY,origin.list,origin.list,2026-10-07 07:31:33.256544+00:00,2a47da75e8ff6a2450c77a95
muakimcuong.net,AVAILABILITY,origin.list,origin.list,2026-10-07 07:31:35.228169+00:00,2a47da75e8ff6a2450c77a95
momo6789.me,AVAILABILITY,origin.list,origin.list,2026-10-07 07:31:41.928661+00:00,2a47da75e8ff6a2450c77a95
momo7979.me,AVAILABILITY,origin.list,origin.list,2026-10-07 07:31:42.967519+00:00,2a47da75e8ff6a2450c77a95
morganbank.site,AVAILABILITY,origin.list,origin.list,2026-10-07 07:31:49.193118+00:00,2a47da75e8ff6a2450c77a95
minimomo.club,AVAILABILITY,origin.list,origin.list,2026-10-07 07:31:51.492884+00:00,2a47da75e8ff6a2450c77a95
momo365.me,AVAILABILITY,origin.list,origin.list,2026-10-07 07:31:56.979133+00:00,2a47da75e8ff6a2450c77a95
mualevang22.com,AVAILABILITY,origin.list,origin.list,2026-10-07 07:31:57.793841+00:00,2a47da75e8ff6a2450c77a95
muaho8.com,AVAILABILITY,origin.list,origin.list,2026-10-07 07:32:03.247014+00:00,2a47da75e8ff6a2450c77a95
muahangnhanh.net,AVAILABILITY,origin.list,origin.list,2026-10-07 07:32:03.999068+00:00,2a47da75e8ff6a2450c77a95
muasamtiki24h.com,AVAILABILITY,origin.list,origin.list,2026-10-07 07:32:10.234595+00:00,2a47da75e8ff6a2450c77a95
momo113.me,AVAILABILITY,origin.list,origin.list,2026-10-07 07:32:11.619894+00:00,2a47da75e8ff6a2450c77a95
muakimcuongx10.com,AVAILABILITY,origin.list,origin.list,2026-10-07 07:32:16.397800+00:00,2a47da75e8ff6a2450c77a95
muatiennhanh.com,AVAILABILITY,origin.list,origin.list,2026-10-07 07:32:17.823877+00:00,2a47da75e8ff6a2450c77a95
muc247-vidientu.com,AVAILABILITY,origin.list,origin.list,2026-10-07 07:32:23.952143+00:00,2a47da75e8ff6a2450c77a95
momoauto.me,AVAILABILITY,origin.list,origin.list,2026-10-07 07:32:26.668961+00:00,2a47da75e8ff6a2450c77a95
momohanoi.me,AVAILABILITY,origin.list,origin.list,2026-10-07 07:32:32.604957+00:00,2a47da75e8ff6a2450c77a95
muatrian2022.com,AVAILABILITY,origin.list,origin.list,2026-10-07 07:32:32.919604+00:00,2a47da75e8ff6a2450c77a95
reallkeys.com,AVAILABILITY,origin.list,origin.list,2026-10-07 07:32:38.872502+00:00,2a47da75e8ff6a2450c77a95
mucvidientu24-7.com,AVAILABILITY,origin.list,origin.list,2026-10-07 07:32:39.115754+00:00,2a47da75e8ff6a2450c77a95
mucvi-dientu247.com,AVAILABILITY,origin.list,origin.list,2026-10-07 07:32:45.002943+00:00,2a47da75e8ff6a2450c77a95
mxp00338.com,AVAILABILITY,origin.list,origin.list,2026-10-07 07:32:45.275065+00:00,2a47da75e8ff6a2450c77a95
mucquanly247.com,AVAILABILITY,origin.list,origin.list,2026-10-07 07:32:51.223327+00:00,2a47da75e8ff6a2450c77a95
mucvinganhangso247.com,AVAILABILITY,origin.list,origin.list,2026-10-07 07:32:51.532153+00:00,2a47da75e8ff6a2450c77a95
mucvidientuvietnam247.com,AVAILABILITY,origin.list,origin.list,2026-10-07 07:32:57.501549+00:00,2a47da75e8ff6a2450c77a95
mydiamon-han-muc-ca-nhan-vni.com,AVAILABILITY,origin.list,origin.list,2026-10-07 07:32:57.747936+00:00,2a47da75e8ff6a2450c77a95
mxn191102201nm.click,AVAILABILITY,origin.list,origin.list,2026-10-07 07:33:03.898035+00:00,2a47da75e8ff6a2450c77a95
mprisesth.cfd,AVAILABILITY,origin.list,origin.list,2026-10-07 07:33:04.269056+00:00,2a47da75e8ff6a2450c77a95
mxn191102203nm.click,AVAILABILITY,origin.list,origin.list,2026-10-07 07:33:10.490096+00:00,2a47da75e8ff6a2450c77a95
momovui.club,AVAILABILITY,origin.list,origin.list,2026-10-07 07:33:12.159520+00:00,2a47da75e8ff6a2450c77a95
nang-cap-hang-vvip-vib.com,AVAILABILITY,origin.list,origin.list,2026-10-07 07:33:16.694320+00:00,2a47da75e8ff6a2450c77a95
myscannappo.com,AVAILABILITY,origin.list,origin.list,2026-10-07 07:33:18.324221+00:00,2a47da75e8ff6a2450c77a95
nang-cap-ocare-vib.com,AVAILABILITY,origin.list,origin.list,2026-10-07 07:33:22.963921+00:00,2a47da75e8ff6a2450c77a95
momoloto.club,AVAILABILITY,origin.list,origin.list,2026-10-07 07:33:25.846810+00:00,2a47da75e8ff6a2450c77a95
momo365.pro,AVAILABILITY,origin.list,origin.list,2026-10-07 07:33:31.886091+00:00,2a47da75e8ff6a2450c77a95
nang-cap-the-vcare-vib.com,AVAILABILITY,origin.list,origin.list,2026-10-07 07:33:32.015683+00:00,2a47da75e8ff6a2450c77a95
nang-cap-online-vpbank.com,AVAILABILITY,origin.list,origin.list,2026-10-07 07:33:38.167452+00:00,2a47da75e8ff6a2450c77a95
mxn191102202nm.click,AVAILABILITY,origin.list,origin.list,2026-10-07 07:33:38.179872+00:00,2a47da75e8ff6a2450c77a95
mxn191102205nm.click,AVAILABILITY,origin.list,origin.list,2026-10-07 07:33:44.376163+00:00,2a47da75e8ff6a2450c77a95
my-acb-bank.com,AVAILABILITY,origin.list,origin.list,2026-10-07 07:33:44.517565+00:00,2a47da75e8ff6a2450c77a95
nang-cap-qcare-vib.com,AVAILABILITY,origin.list,origin.list,2026-10-07 07:33:50.744463+00:00,2a47da75e8ff6a2450c77a95
my-easy.shop,AVAILABILITY,origin.list,origin.list,2026-10-07 07:33:55.917077+00:00,2a47da75e8ff6a2450c77a95
nang-cap-vip-vpbank.com,AVAILABILITY,origin.list,origin.list,2026-10-07 07:33:57.195626+00:00,2a47da75e8ff6a2450c77a95
nang-han-muc-ido-vpbank.com,AVAILABILITY,origin.list,origin.list,2026-10-07 07:34:02.287131+00:00,2a47da75e8ff6a2450c77a95
myscannappo.online,AVAILABILITY,origin.list,origin.list,2026-10-07 07:34:03.538362+00:00,2a47da75e8ff6a2450c77a95
momovip.me,AVAILABILITY,origin.list,origin.list,2026-10-07 07:34:11.663454+00:00,2a47da75e8ff6a2450c77a95
